Dataset,Best Phase,Best Model,Cosine Similarity,CER,WER,Improvement vs Baseline (%)
IAM_mini,Pa,azure_intelligence,0.9456920928721769,0.08935657348241596,0.30111497130669945,1.05
ICDAR_mini,Pb,gpt-5-mini,0.5334860585175908,1.9439725712858038,1.8604002409334046,14.29
VOC2007,Pa,azure_intelligence,0.9394200105353122,0.6730546145824812,0.7916198224146123,0.0
RX-PAD,Pc,claude_sonnet,0.7993098591315527,0.6590916155796599,0.5827528809433818,0.09
