model,phase,total_samples,avg_inference_time_ms,median_inference_time_ms,min_inference_time_ms,max_inference_time_ms,error_count,error_rate,avg_tokens,total_tokens,predictions_count,prediction_rate
azure_intelligence,phase_1,500,2990.463852405548,2578.1344175338745,2441.2741661071777,16293.524980545044,0,0.0,,0.0,492,98.4
donut,phase_1,500,36080.416964530945,521.4501619338989,415.91501235961914,9723301.394939424,0,0.0,,0.0,500,100.0
mistral_document_ai,phase_1,500,2075.6863827705383,1829.9058675765991,658.2531929016113,23001.973152160645,0,0.0,,0.0,500,100.0
gpt-5-mini,phase_2,500,10586.44367313385,9956.387042999268,3108.565092086792,48687.93821334839,0,0.0,,0.0,494,98.8
gpt-5-nano,phase_2,500,12062.920298099518,12085.169911384583,3980.8952808380127,22065.05298614502,0,0.0,,0.0,329,65.8
gpt-5-mini,phase_3a,500,11391.359913349152,10820.323467254639,3134.683847427368,24665.510177612305,0,0.0,,0.0,476,95.19999999999999
gpt-5-nano,phase_3a,500,12821.826241016388,13358.394026756287,3621.594190597534,21760.865926742554,0,0.0,,0.0,251,50.2
